{
  "verifier_results": {
    "national": {
      "intercept": 1763.8591331718437,
      "trend": 182.7480517241752,
      "level_shift": -483.2204434718787,
      "se_level_shift": 159.2475605957556,
      "p_value": 0.02296765677994673,
      "r_squared": 0.9471827152065351,
      "ci_90": [
        -792.6671629417169,
        -173.7737240020404
      ],
      "ci_95": [
        -872.8851867595613,
        -93.55570018419616
      ],
      "pre_policy_mean": 2037.981210758107,
      "effect_pct": -23.71074085085043,
      "n_obs": 9
    },
    "urban": {
      "intercept": 2398.5972990107666,
      "trend": 212.93843570684797,
      "level_shift": -710.6105332422818,
      "se_level_shift": 233.89547427299368,
      "p_value": 0.02285702256175772,
      "r_squared": 0.8964072583614755,
      "ci_90": [
        -1165.111606551338,
        -256.1094599332258
      ],
      "ci_95": [
        -1282.9321411700457,
        -138.288925314518
      ],
      "pre_policy_mean": 2718.0049525710388,
      "effect_pct": -26.144563591397983,
      "n_obs": 9
    },
    "rural": {
      "intercept": 1004.8422553065175,
      "trend": 126.93200144591037,
      "level_shift": -190.94169490120453,
      "se_level_shift": 70.5879205663583,
      "p_value": 0.0353392928523799,
      "r_squared": 0.9853168039504978,
      "ci_90": [
        -328.1067501883327,
        -53.77663961407637
      ],
      "ci_95": [
        -363.66411428270703,
        -18.219275519701995
      ],
      "pre_policy_mean": 1195.2402574753828,
      "effect_pct": -15.97517266566276,
      "n_obs": 9
    }
  },
  "comparison": {
    "national": {
      "verifier_shift": -483.2204434718787,
      "primary_shift": -483.2204434718792,
      "abs_diff": 5.115907697472721e-13,
      "pct_diff": 1.0587109396108236e-13,
      "within_1pct": true,
      "within_2sigma": true,
      "ci_overlap_pct": 0.9999999999999991,
      "status": "PASS"
    },
    "urban": {
      "verifier_shift": -710.6105332422818,
      "primary_shift": -710.6105332422824,
      "abs_diff": 5.684341886080801e-13,
      "pct_diff": 7.999236741038747e-14,
      "within_1pct": true,
      "within_2sigma": true,
      "ci_overlap_pct": 0.9999999999999994,
      "status": "PASS"
    },
    "rural": {
      "verifier_shift": -190.94169490120453,
      "primary_shift": -190.9416949012082,
      "abs_diff": 3.666400516522117e-12,
      "pct_diff": 1.920167577028729e-12,
      "within_1pct": true,
      "within_2sigma": true,
      "ci_overlap_pct": 0.9999999999999868,
      "status": "PASS"
    }
  },
  "overall_pass": true
}