{
  "vecm_substitution": {
    "bivariate": {
      "alpha": [
        [
          -0.014809975184694233
        ],
        [
          1.2516140316939772
        ]
      ],
      "beta": [
        [
          1.0
        ],
        [
          -0.17284311994097326
        ]
      ],
      "gamma": [
        [
          0.7807537859990621,
          -0.0016654716159761442
        ],
        [
          25.8559494800825,
          0.5065000994210942
        ]
      ],
      "sigma_u": [
        [
          0.00016878322290233967,
          0.0010560748321386513
        ],
        [
          0.0010560748321386513,
          0.11566915850526177
        ]
      ],
      "llf": 57.4968495275929,
      "nobs": 22
    },
    "trivariate": {
      "alpha": [
        [
          -0.08543822327757326,
          0.008952100313419182
        ],
        [
          3.971889423956851,
          -0.4100518624872316
        ],
        [
          -0.3189174094028353,
          0.019575049432952737
        ]
      ],
      "beta": [
        [
          1.0000000000000007,
          2.2179939250116504e-15
        ],
        [
          5.5782678278951755e-18,
          1.0000000000000007
        ],
        [
          0.5344754362576292,
          4.4097924716991805
        ]
      ],
      "sigma_u": [
        [
          0.00014538886674053453,
          0.0010116601415724668,
          5.3530646949811916e-05
        ],
        [
          0.0010116601415724668,
          0.07792103293565217,
          -0.002597196686520191
        ],
        [
          5.3530646949811916e-05,
          -0.002597196686520191,
          0.0025223288000332505
        ]
      ],
      "llf": 99.11685255567619,
      "nobs": 22
    }
  },
  "ardl_substitution": {
    "bivariate": {
      "params": [
        0.8160793123032566,
        24.914618149425117,
        -23.59930418734923,
        3.725569657747781
      ],
      "bse": [
        0.13042352227335033,
        14.040049902552866,
        13.097965969237015,
        2.6469831354766193
      ],
      "pvalues": [
        3.920807068433928e-10,
        0.07597401309674646,
        0.07158421877736511,
        0.15928579396257414
      ],
      "rsquared": 0.9487312527712256,
      "lr_coeff": 7.151528077388636,
      "lr_se": 4.104655506820798,
      "lr_ci95": [
        -0.8935967159801281,
        15.1966528707574
      ],
      "nobs": 23
    },
    "with_demo": {
      "params": [
        0.48727189272669413,
        6.673623484235269,
        -0.2262070823010782,
        0.6791254977820509,
        -0.019108668814717986,
        -35.5385417913349
      ],
      "bse": [
        0.07132461837709048,
        7.252243675917672,
        7.536062083259383,
        0.5164880572420016,
        0.5003011696697254,
        5.056474007123068
      ],
      "pvalues": [
        8.388551077388524e-12,
        0.35746041218804203,
        0.9760538014267722,
        0.1885465380928384,
        0.9695327402634693,
        2.090278325623336e-12
      ],
      "rsquared": 0.9880128390832632,
      "lr_coeff_de": 12.574727834254352,
      "lr_se_de": 1.8567258915480926,
      "lr_ci95_de": [
        8.93554508682009,
        16.213910581688612
      ],
      "lr_coeff_demo": 1.2872647697769295,
      "nobs": 23
    }
  },
  "did_inspired": {
    "substitution": {
      "params": {
        "const": -0.49427479480089265,
        "d_DE": 20.513000942350896,
        "POST*d_DE": -5.899072353860899
      },
      "bse": {
        "const": 0.9140140125951104,
        "d_DE": 16.332181879201066,
        "POST*d_DE": 4.206393893003569
      },
      "pvalues": {
        "const": 0.5886635308052965,
        "d_DE": 0.20912084281526766,
        "POST*d_DE": 0.16079401998114395
      },
      "tvalues": {
        "const": -0.5407737605657982,
        "d_DE": 1.2559865604040374,
        "POST*d_DE": -1.402406076062619
      },
      "rsquared": 0.09264158844878612,
      "nobs": 23,
      "ci95": {
        "const": [
          -2.2857093408522484,
          1.297159751250463
        ],
        "d_DE": [
          -11.49748732984089,
          52.52348921454268
        ],
        "POST*d_DE": [
          -14.143452888937123,
          2.3453081812153256
        ]
      }
    },
    "substitution_ctrl": {
      "params": {
        "const": -0.9262010604774934,
        "d_DE": 28.288860042474106,
        "POST*d_DE": -11.621505378207685,
        "d_DEMO": 0.5409295719996146,
        "POST*d_DEMO": -1.6170569728653996
      },
      "bse": {
        "const": 0.7627484101294549,
        "d_DE": 15.137429765371246,
        "POST*d_DE": 4.578669998220021,
        "d_DEMO": 0.5531579326682037,
        "POST*d_DEMO": 0.5501676389949188
      },
      "pvalues": {
        "const": 0.2246353546302191,
        "d_DE": 0.0616503571226869,
        "POST*d_DE": 0.011142949010886857,
        "d_DEMO": 0.32812697777535016,
        "POST*d_DEMO": 0.003290524603836198
      },
      "tvalues": {
        "const": -1.2142943179918224,
        "d_DE": 1.8688020675206296,
        "POST*d_DE": -2.538183660915855,
        "d_DEMO": 0.977893545502268,
        "POST*d_DEMO": -2.9392077218855364
      },
      "rsquared": 0.14679715255416703,
      "nobs": 23,
      "ci95": {
        "const": [
          -2.4211604735964114,
          0.5687583526414245
        ],
        "d_DE": [
          -1.3799571161581383,
          57.95767720110635
        ],
        "POST*d_DE": [
          -20.595533671813,
          -2.64747708460237
        ],
        "d_DEMO": [
          -0.5432400537926969,
          1.625099197791926
        ],
        "POST*d_DEMO": [
          -2.695365730754875,
          -0.5387482149759244
        ]
      }
    },
    "creation": {
      "params": {
        "const": 1.5438209975679877,
        "d_DE": -10.887262715992124,
        "POST*d_DE": -10.380578667082494
      },
      "bse": {
        "const": 0.46134764575243126,
        "d_DE": 8.20299834566955,
        "POST*d_DE": 3.9330796682583378
      },
      "pvalues": {
        "const": 0.000818891761190119,
        "d_DE": 0.1844327233866836,
        "POST*d_DE": 0.008307733351458093
      },
      "tvalues": {
        "const": 3.3463289815863377,
        "d_DE": -1.327229661303007,
        "POST*d_DE": -2.639300381036844
      },
      "rsquared": 0.2508147154255618,
      "nobs": 23,
      "ci95": {
        "const": [
          0.6395962275408792,
          2.4480457675950964
        ],
        "d_DE": [
          -26.964844038746087,
          5.19031860676184
        ],
        "POST*d_DE": [
          -18.08927316519558,
          -2.6718841689694086
        ]
      }
    },
    "creation_ctrl": {
      "params": {
        "const": 2.0580586181433556,
        "d_DE": -19.720061092860885,
        "POST*d_DE": -8.111785154872866,
        "d_DEMO": -0.7696549281055471,
        "POST*d_DEMO": 1.341465227386607
      },
      "bse": {
        "const": 0.5408498633295832,
        "d_DE": 10.464453834647163,
        "POST*d_DE": 6.756850102623095,
        "d_DEMO": 0.3209974608694019,
        "POST*d_DEMO": 0.8698700049188297
      },
      "pvalues": {
        "const": 0.00014167196050784923,
        "d_DE": 0.05949998552619319,
        "POST*d_DE": 0.22993449342298078,
        "d_DEMO": 0.01649846738446414,
        "POST*d_DEMO": 0.12303848787217879
      },
      "tvalues": {
        "const": 3.8052309109842843,
        "d_DE": -1.884480681406322,
        "POST*d_DE": -1.2005276174061887,
        "d_DEMO": -2.3976978696996047,
        "POST*d_DEMO": 1.5421444811305838
      },
      "rsquared": 0.36172919877355314,
      "nobs": 23,
      "ci95": {
        "const": [
          0.9980123649739621,
          3.118104871312749
        ],
        "d_DE": [
          -40.230013726651386,
          0.7898915409296166
        ],
        "POST*d_DE": [
          -21.3549680049499,
          5.131397695204168
        ],
        "d_DEMO": [
          -1.39879839053838,
          -0.1405114656727141
        ],