{
  "bootstrap": {
    "substitution": {
      "point": [
        -0.49427479480089265,
        20.513000942350896,
        -5.899072353860899
      ],
      "se_ols": [
        0.6044471234627712,
        14.401887362223249,
        8.036994423330833
      ],
      "se_boot": [
        0.8426284819967643,
        15.913676754851464,
        5.559394337591704
      ],
      "ci95": [
        [
          -1.535382387494866,
          -19.81426841894406,
          -15.303459705179847
        ],
        [
          1.6472155857258852,
          40.9488514158073,
          6.289690529411853
        ]
      ],
      "ci68": [
        [
          -0.7207043729790965,
          -7.133988103607206,
          -9.738346316193834
        ],
        [
          1.0016490064979988,
          23.973893763949523,
          0.002636638467623645
        ]
      ],
      "n_boot_valid": 2000
    },
    "substitution_ctrl": {
      "point": [
        -0.9262010604774934,
        28.288860042474106,
        -11.621505378207685,
        0.5409295719996146,
        -1.6170569728653996
      ],
      "se_ols": [
        0.7430858949258461,
        16.436669261411318,
        12.248043830866951,
        0.6096474832231802,
        1.6975184543615682
      ],
      "se_boot": [
        0.9300758831927607,
        18.72847904497775,
        17.134425389746458,
        0.9654424591789285,
        2.111154730907381
      ],
      "ci95": [
        [
          -1.9850395878658098,
          -16.585299377674875,
          -34.27736703476818,
          -1.1736173588192125,
          -4.962196728112707
        ],
        [
          1.6303409256213883,
          56.4703966850283,
          33.11470374619947,
          2.7117977144670538,
          3.258814505484266
        ]
      ],
      "ci68": [
        [
          -1.0504120773587038,
          -0.964665974243245,
          -19.63209623594297,
          0.0019295464860504378,
          -2.822201905299727
        ],
        [
          0.5838665165882332,
          29.33069614834331,
          0.157965878396874,
          1.638978771431288,
          0.0
        ]
      ],
      "n_boot_valid": 2000
    },
    "creation": {
      "point": [
        1.5438209975679877,
        -10.887262715992124,
        -10.380578667082494
      ],
      "se_ols": [
        0.4590022127136401,
        10.936437464773926,
        6.103095011425346
      ],
      "se_boot": [
        0.5457054564687569,
        11.037215831273228,
        5.593610012615967
      ],
      "ci95": [
        [
          0.29786584936924143,
          -26.621249139025284,
          -24.22077163431316
        ],
        [
          2.38156180330342,
          15.977555285104017,
          0.0
        ]
      ],
      "ci68": [
        [
          0.7689965537996094,
          -16.881403260120514,
          -16.391045606511273
        ],
        [
          1.8785720007990658,
          3.140540032421488,
          -6.718026497196298
        ]
      ],
      "n_boot_valid": 2000
    },
    "creation_ctrl": {
      "point": [
        2.0580586181433556,
        -19.720061092860885,
        -8.111785154872866,
        -0.7696549281055471,
        1.341465227386607
      ],
      "se_ols": [
        0.5371142045862674,
        11.880683776498662,
        8.853079253523353,
        0.4406628160558949,
        1.2269931115781842
      ],
      "se_boot": [
        0.8518617023387768,
        16.156225636219023,
        22.405737551886112,
        0.9121295600105271,
        3.2408317453219984
      ],
      "ci95": [
        [
          -0.36722741822851934,
          -43.700748329604664,
          -49.25085528817059,
          -2.998221020493682,
          -5.118504087767156
        ],
        [
          3.090277347650422,
          20.012446407451517,
          22.310759673097774,
          0.9897614103415558,
          5.446237625086486
        ]
      ],
      "ci68": [
        [
          0.8193543705722395,
          -25.725896207723626,
          -30.588767944334275,
          -1.2916724249016465,
          -1.3443836158689273
        ],
        [
          2.3421134961852577,
          2.110668377108895,
          7.359073056334424,
          -0.26517103305362716,
          3.128779362566142
        ]
      ],
      "n_boot_valid": 2000
    },
    "mediation": {
      "point": [
        0.21800123072456315,
        12.605607014827426,
        -4.1919888435180175
      ],
      "se_ols": [
        0.6159153150524039,
        14.675134759904777,
        8.1894805354717
      ],
      "se_boot": [
        0.7715430181331839,
        16.35911891464942,
        8.07778486732259
      ],
      "ci95": [
        [
          -1.6631890491395809,
          -5.855863448730939,
          -23.41940209425999
        ],
        [
          1.297888710157997,
          55.95407188139026,
          7.923121475074847
        ]
      ],
      "ci68": [
        [
          -0.8137143672330122,
          4.787940478413617,
          -12.845110178300285
        ],
        [
          0.6605784339122356,
          32.70573976232648,
          0.6200803232374265
        ]
      ],
      "n_boot_valid": 2000
    }
  },
  "bootstrap_granger": {
    "substitution": {
      "W_original": 7.730332253703579,
      "W_boot_mean": 2.533691538136797,
      "W_boot_se": 2.241598466069185,
      "W_boot_ci95": [
        0.3829726560851635,
        8.479669099519057
      ],
      "p_boot": 0.035,
      "n_boot_valid": 1000
    },
    "creation": {
      "W_original": 3.857627247401338,
      "W_boot_mean": 4.099749210779886,
      "W_boot_se": 2.591135332754322,
      "W_boot_ci95": [
        0.9882459842148174,
        9.871161493865367
      ],
      "p_boot": 0.447,
      "n_boot_valid": 1000
    }
  },
  "systematics": {
    "lag_selection": {
      "base": 20.513000942350896,
      "varied": -0.7123988282609612,
      "shift": -21.22539977061186
    },
    "break_year": {
      "base": 20.513000942350896,
      "range": [
        20.513000942350896,
        23.113344557516644
      ],
      "shift": 2.600343615165748
    },
    "demographic_control": {
      "base": 20.513000942350896,
      "varied": 28.288860042474106,
      "shift": 7.77585910012321
    },
    "functional_form": {
      "base": 20.513000942350896,
      "varied": 115.78661410742366,
      "shift": 95.27361316507276
    },
    "covid_exclusion": {
      "base": 20.513000942350896,
      "varied": 22.320007097713727,
      "shift": 1.8070061553628314
    },
    "ilo_endogeneity": {
      "note": "Alternative outcome: services VA instead of employment",
      "base_employment": 20.513000942350896,
      "alternative_va": 12.605607014827426,
      "shift_interpretation": "Not directly comparable -- different units and scale"
    }
  },
  "uncertainty_summary": {
    "parameter": "d_DE coefficient (substitution, first-diff)",
    "central_value": 20.513000942350896,
    "stat_unc_68": 15.913676754851464,
    "stat_unc_95": 31.19080643950887,
    "syst_unc": 97.96974024594347,
    "total_unc_68": 99.25379142237104,
    "total_unc_95": 194.53743118784723,
    "dominant_source": "systematic",
    "systematic_breakdown": {
      "lag_selection": 21.22539977061186,
      "break_year": 2.600343615165748,
      "demographic_control": 7.77585910012321,
      "functional_form": 95.27361316507276,
      "covid_exclusion": 1.8070061553628314,
      "ilo_endogeneity": 0
    }
  },
  "creation_uncertainty": {
    "central_value": -10.887262715992124,
    "stat_unc_68": 11.037215831273228,
    "syst_unc": 4.2527497895278055,
    "total_unc_68": 11.828187269334096,
    "significant": false
  },
  "mediation_uncertainty": {
    "central_value": 12.605607014827426,
    "stat_unc_68": 16.35911891464942,
    "total_unc_68": 16.35911891464942,
    "significant": false
  },
  "final_results": [
    {
      "parameter": "DE -> Industry Emp (substitution)",
      "method": "First-diff DID-inspired",
      "central": 20.513000942350896,