{
  "mediation": {
    "total_effect_cum": [
      0.0,
      3.2785507436457135,
      4.877318743890401,
      5.508107202300442,
      5.7386149724353785,
      5.818922389678593,
      5.845782960919784,
      5.854404745570681,
      5.85704679131372,
      5.857810880242525,
      5.858014507498405
    ],
    "direct_effect_cum": [
      0.0,
      5.865490159830955,
      9.481980286763331,
      10.876310325541116,
      11.220873388656509,
      11.23470973272886,
      11.194160559652543,
      11.167188245598975,
      11.15633380975689,
      11.153483272192815,
      11.15327184166779
    ],
    "indirect_effect": [
      0.0,
      -2.5869394161852415,
      -4.604661542872931,
      -5.368203123240674,
      -5.48225841622113,
      -5.415787343050266,
      -5.348377598732759,
      -5.312783500028294,
      -5.299287018443169,
      -5.295672391950291,
      -5.295257334169385
    ]
  },
  "irf_services": {
    "response": [
      0.0,
      5.865490159830955,
      3.616490126932377,
      1.3943300387777842,
      0.3445630631153932,
      0.013836344072350161,
      -0.04054917307631608,
      -0.02697231405356796,
      -0.010854435842086242,
      -0.002850537564072884,
      -0.00021143052502638855
    ],
    "ci_lo": [
      NaN,
      NaN,
      NaN,
      NaN,
      NaN,
      NaN,
      NaN,
      NaN,
      NaN,
      NaN,
      NaN
    ],
    "ci_hi": [
      NaN,
      NaN,
      NaN,
      NaN,
      NaN,
      NaN,
      NaN,
      NaN,
      NaN,
      NaN,
      NaN
    ]
  },
  "irf_industry": {
    "response": [
      0.0,
      1.5468009150414848,
      1.423407534756327,
      0.9832868068944646,
      0.6043275792171224,
      0.34852037126887003,
      0.19312812213954916,
      0.10413973222705006,
      0.0550576775690625,
      0.028678876912790186,
      0.01476692775226541
    ],
    "ci_lo": [
      NaN,
      NaN,
      NaN,
      NaN,
      NaN,
      NaN,
      NaN,
      NaN,
      NaN,
      NaN,
      NaN
    ],
    "ci_hi": [
      NaN,
      NaN,
      NaN,
      NaN,
      NaN,
      NaN,
      NaN,
      NaN,
      NaN,
      NaN,
      NaN
    ]
  }
}