{
  "scenarios": {
    "baseline": {
      "label": "Baseline (current trends)",
      "conditional_prob": "Likely (50-60%)",
      "year_1": {
        "median": 31.032661181587443,
        "ci50": [
          30.62651936422494,
          31.439477538496625
        ],
        "ci90": [
          30.006929965602076,
          31.988241647250536
        ],
        "ci95": [
          29.78073084264831,
          32.160309799521585
        ]
      },
      "year_5": {
        "median": 29.466958905247022,
        "ci50": [
          28.80411261980844,
          30.112953890647226
        ],
        "ci90": [
          27.807520326321736,
          30.976385494963573
        ],
        "ci95": [
          27.462674625174014,
          31.274244598147238
        ]
      },
      "year_10": {
        "median": 27.495153853572923,
        "ci50": [
          26.37175252024543,
          28.580443101387765
        ],
        "ci90": [
          24.759483306824023,
          30.14187533816234
        ],
        "ci95": [
          24.218704754107886,
          30.601226812391843
        ]
      }
    },
    "high_digital": {
      "label": "High-Digital (accelerated adoption)",
      "conditional_prob": "Plausible (20-30%)",
      "year_1": {
        "median": 31.03310442435368,
        "ci50": [
          30.494801691805932,
          31.5590834127097
        ],
        "ci90": [
          29.74660811429979,
          32.3009178305457
        ],
        "ci95": [
          29.50337596030386,
          32.54478127311219
        ]
      },
      "year_5": {
        "median": 29.464851990830773,
        "ci50": [
          28.73558189536972,
          30.176069474433838
        ],
        "ci90": [
          27.632419341526962,
          31.185763086851956
        ],
        "ci95": [
          27.26994181319188,
          31.490328643933925
        ]
      },
      "year_10": {
        "median": 27.46144190862691,
        "ci50": [
          26.3397096141125,
          28.61794648310433
        ],
        "ci90": [
          24.661695530411432,
          30.273796304987044
        ],
        "ci95": [
          24.06484225696778,
          30.768167689048695
        ]
      }
    },
    "low_digital": {
      "label": "Low-Digital (stagnation/regulation)",
      "conditional_prob": "Plausible (15-25%)",
      "year_1": {
        "median": 30.785189313253568,
        "ci50": [
          30.13535397736107,
          31.415304825571532
        ],
        "ci90": [
          29.15604499000288,
          32.273951715920575
        ],
        "ci95": [
          28.830495019939008,
          32.54421569358836
        ]
      },
      "year_5": {
        "median": 28.168852754537845,
        "ci50": [
          26.711744640456736,
          29.54740975484558
        ],
        "ci90": [
          24.571705510253327,
          31.46158226012576
        ],
        "ci95": [
          23.95003446232545,
          32.15207520018295
        ]
      },
      "year_10": {
        "median": 24.902218029087045,
        "ci50": [
          22.21871183355225,
          27.510643372313215
        ],
        "ci90": [
          18.375670600731105,
          31.13124516442681
        ],
        "ci95": [
          17.211675743895455,
          32.37288304021188
        ]
      }
    }
  },
  "sensitivity": [
    [
      "beta_demo",
      {
        "low": 0.792095552353377,
        "high": -0.792095552353377,
        "magnitude": 0.792095552353377,
        "classification": "Exogenous"
      }
    ],
    [
      "demo_slope",
      {
        "low": 0.792095552353377,
        "high": -0.792095552353377,
        "magnitude": 0.792095552353377,
        "classification": "Exogenous"
      }
    ],
    [
      "beta_de",
      {
        "low": 0.0,
        "high": 0.0,
        "magnitude": 0.0,
        "classification": "Semi-controllable"
      }
    ],
    [
      "de_growth",
      {
        "low": 0.0,
        "high": 0.0,
        "magnitude": 0.0,
        "classification": "Controllable"
      }
    ],
    [
      "innovation_std",
      {
        "low": 0.0,
        "high": 0.0,
        "magnitude": 0.0,
        "classification": "Exogenous"
      }
    ]
  ],
  "endgame": "Robust",
  "endgame_detail": "CV=0.046 < 0.15. Scenarios converge.",
  "useful_horizon": 10,
  "cv": 0.04562252869744298,
  "ep_values": [
    0.315,
    0.1134,
    0.07875,
    0.05040000000000001,
    0.033271875000000006,
    0.0196875,
    0.012600000000000002,
    0.0070875,
    0.005053999999999999,
    0.0033634999999999997,
    0.002016
  ],
  "base_ep": 0.315
}