{
  "national": {
    "feasible": true,
    "pre_mape": 1.5260224113286311,
    "pre_r_squared": 0.9753536694611873,
    "mean_effect": -382.1622790026545,
    "effect_pct": -18.752002078591012,
    "boot_se": 150.4380974595054,
    "boot_ci_90": [
      -686.2943356167334,
      -72.9072580106692
    ],
    "cumulative_effect": -1910.8113950132724,
    "n_pre": 4,
    "n_post": 5
  },
  "urban": {
    "feasible": true,
    "pre_mape": 1.4644453154255217,
    "pre_r_squared": 0.9755776922856626,
    "mean_effect": -581.5345956505338,
    "effect_pct": -21.395641501699384,
    "boot_se": 176.02677999219173,
    "boot_ci_90": [
      -926.4111034035144,
      -210.71122433501978
    ],
    "cumulative_effect": -2907.672978252669,
    "n_pre": 4,
    "n_post": 5
  },
  "rural": {
    "feasible": true,
    "pre_mape": 1.375227977036673,
    "pre_r_squared": 0.9804164041796277,
    "mean_effect": -175.35762401956762,
    "effect_pct": -14.671328456586838,
    "boot_se": 101.73056778015338,
    "boot_ci_90": [
      -269.65296510754285,
      20.71425639690792
    ],
    "cumulative_effect": -876.7881200978381,
    "n_pre": 4,
    "n_post": 5
  }
}