{
  "granger_biv_W": 6.179303991080308,
  "granger_biv_p": 0.045517792043310745,
  "granger_tri_W": 11.811436701935934,
  "granger_tri_p": 0.018809964253524325,
  "granger_tri_de_only_W": 11.506508922342784,
  "granger_tri_de_only_p": 0.0031724393969596587,
  "ardl_phi": 0.8160793123032566,
  "ardl_theta0": 24.914618149425117,
  "ardl_theta1": -23.59930418734923,
  "ardl_beta_LR": 7.151528077388636,
  "ardl_se_LR": 4.143852755858226,
  "johansen_trace_r0": 19.03664796939528,
  "johansen_cv95_r0": 15.4943,
  "cf_dev_ind": -4.450084911598564,
  "cf_slope_ind": 0.7149237424650631,
  "cf_r2_ind": 0.8151948273059668,
  "cf_dev_svc": 1.8312067446417215,
  "cf_dev_va": 5.888533281620611,
  "ardl_bounds_F": 1.401263511192225,
  "r_level_de_svc": 0.9808885192786121,
  "r_resid_de_svc": -0.3397294429590675,
  "ilo_endogeneity_r2": 0.9861805968576413
}