{
  "metadata": {
    "n_iterations": 10000,
    "seed": 42,
    "base_year": 2025,
    "base_value": 2986.134885313249,
    "projection_years": [
      2026,
      2027,
      2028,
      2029,
      2030,
      2031,
      2032,
      2033,
      2034,
      2035
    ]
  },
  "scenarios": {
    "A: Policy Succeeds": {
      "median": [
        2984.7205548260868,
        2898.8398782013683,
        2819.8603687199447,
        2748.35681679877,
        2677.1159718568774,
        2603.114829649075,
        2549.939227774479,
        2487.921453373553,
        2438.635028820744,
        2390.66138967493
      ],
      "mean": [
        2986.40217847438,
        2897.5948103457417,
        2818.916566138447,
        2746.254087424929,
        2677.0838523769944,
        2616.0949682667047,
        2563.1181299874947,
        2500.364025923862,
        2454.544518046206,
        2403.6714626107796
      ],
      "ci_50_low": [
        2785.4918066199843,
        2663.862640387582,
        2551.0324514223676,
        2438.161543543701,
        2345.46553945488,
        2251.397931730721,
        2163.1101387878884,
        2083.132250366385,
        1996.3153670353597,
        1926.7278336522736
      ],
      "ci_50_high": [
        3186.135535491687,
        3131.621187893319,
        3079.3551255228476,
        3047.502009114057,
        3006.764223126751,
        2969.2827055356665,
        2950.6055883550853,
        2907.482306059479,
        2888.3242203061313,
        2860.969989051758
      ],
      "ci_90_low": [
        2489.515987355441,
        2328.427504704753,
        2170.043635854724,
        2028.9621917062616,
        1874.9940568790846,
        1755.8540368149388,
        1641.0091772491605,
        1506.5509317426001,
        1420.7367203088907,
        1278.2878544313674
      ],
      "ci_90_high": [
        3481.816949191033,
        3468.2342975229435,
        3476.8011448616535,
        3469.319177677443,
        3486.6960144598283,
        3500.079742745436,
        3542.3889586692644,
        3515.7609229540703,
        3546.124623867285,
        3575.1482292765963
      ],
      "ci_95_low": [
        2391.9423483820146,
        2217.4754563596953,
        2056.7327465647345,
        1888.325705260665,
        1715.7731878809725,
        1605.4196383987667,
        1475.0240700010088,
        1336.278946838527,
        1239.4587487581696,
        1090.593976649273
      ],
      "ci_95_high": [
        3579.3522233641374,
        3577.010160873457,
        3592.9812611224547,
        3603.0165978088116,
        3643.4997027253144,
        3676.685232582738,
        3736.031846417815,
        3723.6906598253668,
        3764.0881146966803,
        3830.984742582686
      ]
    },
    "B: Status Quo (Displacement)": {
      "median": [
        3201.83926893583,
        3182.25035478971,
        3171.3451609252725,
        3154.481824814813,
        3136.5236676985123,
        3134.8859648548187,
        3127.3512909147094,
        3110.9944461635478,
        3099.2759466533043,
        3108.1027682307435
      ],
      "mean": [
        3202.7598488900258,
        3186.223732983596,
        3172.887309677567,
        3165.4895671162794,
        3158.1460892396763,
        3159.3821427258313,
        3164.7924077185785,
        3166.9663059916597,
        3182.297458302447,
        3200.962020649227
      ],
      "ci_50_low": [
        2985.3405375345437,
        2924.8404385347553,
        2854.1851678656553,
        2790.247183697188,
        2721.071889315544,
        2643.6904188260864,
        2600.1281920534702,
        2534.1220720155457,
        2499.280242182434,
        2447.758691594316
      ],
      "ci_50_high": [
        3414.2345732288745,
        3444.8671188020617,
        3488.5724566504687,
        3535.8534106191028,
        3578.249931496222,
        3633.3373317646724,
        3684.5729601037874,
        3737.9255168179857,
        3777.7685890585262,
        3833.919338809729
      ],
      "ci_90_low": [
        2680.6403926420644,
        2556.510329353807,
        2409.6162114085887,
        2267.814931407521,
        2135.4725848888424,
        2012.0470967721267,
        1902.9152477684481,
        1789.1011542695007,
        1720.3782423804428,
        1619.3985836237534
      ],
      "ci_90_high": [
        3736.170482175982,
        3846.174272993561,
        3942.655306950837,
        4090.296664111116,
        4235.902894047622,
        4404.373007279386,
        4560.564395486443,
        4721.3633349669335,
        4870.81497315967,
        5089.24069940326
      ],
      "ci_95_low": [
        2566.4085656234847,
        2447.843288344284,
        2261.815479455264,
        2102.591070218986,
        1962.3390912381135,
        1815.808362229605,
        1671.430467034874,
        1565.6273390787953,
        1480.290076898081,
        1374.0172115644623
      ],
      "ci_95_high": [
        3840.072454281259,
        3957.8151461768007,
        4096.735448743326,
        4292.692209899439,
        4456.369164082054,
        4710.45280986578,
        4892.885427758765,
        5124.406890115289,
        5388.618204913794,
        5591.827761053292
      ]
    },
    "C: Rebound": {
      "median": [
        3115.3030145403027,
        3167.384904879543,
        3221.0780933600936,
        3273.3883378395903,
        3325.7664988816136,
        3375.1845033161208,
        3423.73578625108,
        3489.674817118539,
        3535.3344994444237,
        3580.154983311112
      ],
      "mean": [
        3119.25269941626,
        3168.1627217508694,
        3222.6733588596903,
        3278.8678957186817,
        3339.2369947470957,
        3397.0516917252935,
        3465.00079974114,
        3528.6520639865093,
        3598.6000526718094,
        3667.631789717864
      ],
      "ci_50_low": [
        2892.4686899214266,
        2902.414651360673,
        2924.9871910706943,
        2921.772675758957,
        2930.264808863216,
        2934.9584199444525,
        2944.4095631725722,
        2956.9701601125116,
        2953.6732054321797,
        2983.7985958698237
      ],
      "ci_50_high": [
        3347.9396725306738,
        3433.190575485659,
        3518.113023351634,
        3625.4749161547625,
        3722.222275461363,
        3836.265785232832,
        3934.808249245248,
        4057.4036192311164,
        4167.128943929425,
        4268.500175426514
      ],
      "ci_90_low": [
        2570.102506854831,
        2527.3279408144817,
        2483.7502726099506,
        2437.4531085553026,
        2396.0582145414637,
        2338.8633277759704,
        2302.1612548100807,
        2242.395269688055,
        2213.4460067015384,
        2182.3166696235053
      ],
      "ci_90_high": [
        3667.6499246856592,
        3803.736273584635,
        3961.5028003582775,
        4149.794861753957,
        4336.046731420371,
        4533.111059822907,
        4761.263245939292,
        4960.834154188771,
        5197.598979882229,
        5434.705343324246
      ],
      "ci_95_low": [
        2476.199326702941,
        2411.632801639551,
        2350.906686079238,
        2281.241573536267,
        2217.1564852098772,
        2136.9758479084767,
        2093.307593139737,
        2032.0136645258876,
        1991.4381070351578,
        1921.2028456503435
      ],
      "ci_95_high": [
        3771.937220257743,
        3925.141375004173,
        4107.117712122092,
        4336.671079785107,
        4536.132425319728,
        4774.587492345735,
        5044.432979330504,
        5287.494031390391,
        5563.050832473689,
        5896.846157462597
      ]
    }
  },
  "sensitivity": {
    "Income growth rate": {
      "low_impact": -186.81684028704558,
      "high_impact": 197.91130595471714,
      "abs_range": 384.7281462417627,
      "classification": "Exogenous"
    },
    "Income elasticity": {
      "low_impact": -76.03126893673061,
      "high_impact": 77.80622836693692,